Brad Cowie <brad@gizmoguy.net.nz>
Brad Cowie <brad@wand.net.nz>
Callum Dickinson <callum@huttradio.co.nz>
Chris Lorier <chris.lorier@reannz.co.nz>
Christophe Rene <crene@cisco.com>
Christopher Lorier <chris.lorier@reannz.co.nz>
Davide Trentin <davide.trentin@noviflow.com>
Josh Bailey <anarkiwi@users.noreply.github.com>
Josh Bailey <joshb@google.com>
Richard Sanger <rsanger@wand.net.nz>
Richard Sanger <rsangerarj@gmail.com>
Samuel Ribeiro <ribeiro@google.com>
Shaun Wackerly <wackerly@hp.com>
Shaun Wackerly <wackerly@hpe.com>
Simeon Miteff <simeon.miteff@gmail.com>
Trung Truong <trungdtbk@gmail.com>
Ubuntu <ubuntu@jb-fg.centie.net.au>
dr-clark <dr.clark@rocketmail.com>
libunamari <marialibunao@gmail.com>
shivarammysore <shivaram.mysore@gmail.com>
youf3 <youff3@gmail.com>
