Brad Cowie <brad@gizmoguy.net.nz>
Brad Cowie <brad@wand.net.nz>
Davide Trentin <davide.trentin@noviflow.com>
Josh Bailey <anarkiwi@users.noreply.github.com>
Josh Bailey <joshb@google.com>
Samuel Ribeiro <ribeiro@google.com>
Simeon Miteff <simeon.miteff@gmail.com>
libunamari <marialibunao@gmail.com>
shivarammysore <shivaram.mysore@gmail.com>
